Subject,Electrode,Band,Hurst,DFA,Lyapunov,Sample Entropy,Correlation Dimension,Approximate Entropy,Permutation Entropy,Sample Entropy,SVD Entropy
1,Fp1,cA5,0.5758525840451593,0.9145784695000267,0.0319600058536901,1.566755629748271,-9.53494510965153e-16,2.037998567327338,2.5518942750900213,1.9138707139125537,1.4730616013726037
1,Fp1,cD1,0.368469673125164,0.3324049310112988,0.0048503095453431,1.9138707139125533,2.8527462838064803e-16,2.1106493965432325,2.563070248441762,2.019045058946176,1.524640953321558
1,Fp1,cD2,0.4533536247142224,0.4254411397703047,0.0044208093123001,2.019045058946176,1.2072996830246367e-16,2.0790191145332866,2.583174186350704,2.023300361921398,1.578173834877494
1,Fp1,cD3,0.4373479527566648,0.4596072532441412,0.0031665281815963,2.023300361921398,-9.838714072266105e-16,2.0199369830862475,2.577417592621844,2.1237936699086224,1.5679467931170517
1,Fp1,cD4,0.4461449369979748,0.4886052208959929,0.0033422036604449,2.1237936699086224,2.2219729311409527e-16,1.770916646423819,2.5781477500163907,1.9957359528247056,1.54772699855452
1,Fp1,cD5,0.2883099248174088,0.2895488019967357,-0.0001901279796252,1.9957359528247056,6.96296360224525e-16,1.4442548726153248,2.528267571875109,1.566755629748271,1.3319541705794704
1,Fp2,cA5,0.4756214965201232,0.9239643962739206,0.0232989627277475,1.5636008060189108,-2.744745753451213e-16,1.8782776940367527,2.5489630537027086,1.5996359331893877,1.4555315766101555
1,Fp2,cD1,0.3521070019014595,0.3193210743867874,0.0003803773359815,1.5996359331893877,1.6279096064560045e-05,2.1173702421047764,2.570803218756625,1.965734520947164,1.5607850072930842
1,Fp2,cD2,0.4675222673054731,0.4705918816192027,-0.0002818945682412,1.965734520947164,1.6207620084180086e-15,2.1270309972350825,2.584846105764808,2.0949244196572177,1.5846554860350044
1,Fp2,cD3,0.4804998562450575,0.5059538233758442,0.0025265606966884,2.0949244196572177,8.694237739017273e-16,2.0073877038573142,2.5776476773679398,2.108950699763601,1.561800354237829
1,Fp2,cD4,0.5001808308863671,0.4713249438432942,0.0032740679654206,2.108950699763601,2.4315783653428808e-17,1.734221976534779,2.5749177792703657,1.9420322212110763,1.5368474301209276
1,Fp2,cD5,0.3082055652480747,0.2818912602341639,0.0089715710886711,1.9420322212110763,9.7079439710924e-16,1.4422940709265433,2.5243367231409084,1.5636008060189108,1.3347806540638316
1,F3,cA5,0.3746027684715309,0.7655798570862898,0.0450866796532456,1.909165786100552,-5.727759255165427e-16,2.0380512159205075,2.5474194516054225,1.9098526081542508,1.4724930975542811
1,F3,cD1,0.3858156726304468,0.3463447042157914,0.004464210163463,1.9098526081542508,-2.282205576052408e-15,2.196413937006688,2.5760031052081653,2.131878691651444,1.5662555614328977
1,F3,cD2,0.4835229775673839,0.4672222074981201,0.0001321503610321,2.131878691651444,8.710042542830014e-16,2.133278841185593,2.5751586654780656,2.134248374013209,1.567985159470244
1,F3,cD3,0.4720822134044908,0.4534398392330912,0.0030303868380449,2.134248374013209,9.968415457524908e-16,1.9891842891713507,2.568961192092291,2.071932928565184,1.5437317410975602
1,F3,cD4,0.4149948370264047,0.4182492084766732,0.0047708251259542,2.071932928565184,8.121344642480965e-18,1.7673446588361932,2.57910932036602,1.9919587649965704,1.5527468251936858
1,F3,cD5,0.3316515411693167,0.3229477033689121,-3.783486106176228e-05,1.9919587649965704,1.0003194484267768e-15,1.6059028938648217,2.5597434391974243,1.909165786100552,1.4346897222745625
1,F4,cA5,0.5982232489502518,0.7889334084246727,0.0149072166502942,1.845593263793256,-7.546478414760561e-16,1.7099264838519943,2.5404168678414103,1.337937793315257,1.4351814579757702
1,F4,cD1,0.3318906750606203,0.3206426424437134,0.0036778450012208,1.3379377933152568,0.0011368960454172,1.9719156785050904,2.5772206886804483,1.6750201214749962,1.5765363292983952
1,F4,cD2,0.4755827041932517,0.4960643788694305,0.0031073483553797,1.6750201214749962,3.658067508924767e-15,2.0434861613468627,2.582549091564897,1.9934099987989464,1.58254422201824
1,F4,cD3,0.4882978249288131,0.5312405378703087,0.0004607171723333,1.9934099987989464,-1.8138361152836923e-15,1.9687136386331483,2.5771128552037643,2.0342498693682924,1.5562564188652126
1,F4,cD4,0.4424231793282225,0.442528488260415,0.0038215203718705,2.0342498693682924,-1.8558746372331287e-16,1.7817760040284192,2.577863030458281,2.01231752139366,1.5443459847595682
1,F4,cD5,0.2961140915128807,0.3088141645704443,0.0107939726822862,2.01231752139366,2.3601470515103413e-16,1.5720986758738436,2.544283680244451,1.845593263793256,1.4316081041159183
1,C3,cA5,0.4310850927139956,0.7456024471372755,0.0125852102761746,2.0656608918110835,-4.441271457951368e-16,2.0066877679945367,2.5491845731213667,1.8923249773652149,1.4566963159653357
1,C3,cD1,0.3537851872264012,0.3377217335617755,0.0047651984474872,1.8923249773652149,2.4861346227728423e-16,2.1707537767011136,2.5686716208838947,2.1079682450986312,1.5506957741123888
1,C3,cD2,0.4482444197551011,0.4484862736061238,0.0030994328585535,2.1079682450986312,-9.93572880140499e-16,2.137955143703276,2.5754074077426563,2.145043660406293,1.56834172534275
1,C3,cD3,0.4526900725138491,0.4642804699592345,8.102763782832168e-05,2.145043660406293,9.328263095602437e-16,2.026622460271313,2.577565236694208,2.1230444759268403,1.5589312926505106
1,C3,cD4,0.4256280111896648,0.4304336145887654,0.0022319533608174,2.1230444759268403,6.542441064304524e-17,1.830569665448178,2.5845203825211067,2.094890113534522,1.5656095831739902
1,C3,cD5,0.4475448031209,0.4411838630356905,0.0001081813465464,2.094890113534522,1.0200701832307305e-15,1.6357034958580208,2.5665634130308863,2.0656608918110835,1.5170953518324837
1,C4,cA5,0.6160426592976747,0.8125537217808168,0.0432493620973095,1.8610975416410624,-4.965891891984947e-16,1.6953494682981995,2.536037401260758,1.3924937430772624,1.4226440922295729
1,C4,cD1,0.3325745972427193,0.299467453903936,0.0012333783236419,1.3924937430772624,0.0001754528839725,1.991616433114478,2.5784823398610754,1.7373215187321025,1.5750307207747791
1,C4,cD2,0.4649573500977814,0.4611720774743742,0.0028489199551668,1.7373215187321025,-1.858142290136872e-16,2.03796252707702,2.5814877798937084,2.0075651200643825,1.583225915037904
1,C4,cD3,0.518082339791616,0.534377937218112,-0.0005732276222925,2.0075651200643825,2.640383809452175e-15,2.0078363134632724,2.576816881915121,2.108993284707518,1.5560213695554403
1,C4,cD4,0.4403437673998991,0.4417696237479373,0.0041151220148259,2.108993284707518,3.5294477471794103e-17,1.7750036644676923,2.578831680475555,1.990578557230894,1.5427762172804949
1,C4,cD5,0.3354290996359176,0.3261975814733536,0.0099667202342643,1.990578557230894,6.556612783610467e-16,1.571565260137234,2.564413317956028,1.8610975416410624,1.4433660833678488
1,PO3,cA5,0.5183035646006535,0.7689130239779066,0.0143553882534217,1.8744642815351595,-5.120161289411121e-16,1.909926965505229,2.541392623495612,1.751958186378396,1.4245448028179872
1,PO3,cD1,0.3348312145929861,0.2910437087727516,0.0106440691826978,1.7519581863783962,4.797082017191659e-05,2.141095172562305,2.5713301303786658,2.0442892094053216,1.5510318507346934
1,PO3,cD2,0.4432770533946299,0.4342793008905503,0.0024185354059392,2.044289209405322,4.589027734642601e-16,2.129897024727572,2.5800183594843094,2.1320067402174194,1.5758968075606885
1,PO3,cD3,0.4715541539742475,0.4862841132920548,-0.00068504449093,2.1320067402174194,-1.9623131164797278e-16,1.9450387101375348,2.574922885240346,2.007930331966861,1.5222096345720144
1,PO3,cD4,0.4253620165282356,0.4057760715560164,0.0183081460165813,2.007930331966861,-9.560116703603475e-16,1.6505291123268109,2.5709759491974413,1.7881956326113129,1.5077951216580874
1,PO3,cD5,0.2337521555165689,0.2135042731714236,0.0121014301593491,1.7881956326113129,1.6016626988537965e-15,1.572933912832334,2.523513660288768,1.8744642815351595,1.4578991557975474
1,P4,cA5,0.55832614639185,0.7682027207991097,0.0016658002679993,1.9925179109281423,-4.229037442888398e-16,1.973501670975824,2.548293853949342,1.792188381831706,1.4589573677124132
1,P4,cD1,0.35418643667234,0.3134403246357566,0.0042065013538707,1.7921883818317064,-1.7772730082253355e-16,2.158422020159822,2.5735908632043025,2.062388574397025,1.5634219172636097
1,P4,cD2,0.4691674282725578,0.4749292950212134,-4.953326601339853e-06,2.062388574397025,6.900195570038102e-16,2.1284612594257606,2.581854631944243,2.131014174264454,1.5773624655969836
1,P4,cD3,0.4828764969996853,0.477437484000317,0.0034456686540081,2.131014174264454,2.757173748772737e-15,1.9337949253139504,2.561352057547569,1.9946496399029716,1.517089509174197
1,P4,cD4,0.4170785056410387,0.3981788044785233,0.0154893588083783,1.994649639902972,1.880910035367752e-15,1.659926994103551,2.569387973369173,1.8156342254094893,1.531280756333294
1,P4,cD5,0.285462834207382,0.2842830860202848,0.009677423463835,1.8156342254094893,-3.0010468780193033e-16,1.625182452046224,2.556709847718509,1.9925179109281423,1.5018480366741602
2,Fp1,cA5,0.5472990628140963,0.6216757390958889,0.0130717254999113,1.2197854559119587,2.2963197300083764e-15,1.9305477948663707,2.5499503099259417,1.7735782723010012,1.454277352110528
2,Fp1,cD1,0.3508865350879931,0.3376831633495841,0.0044339960271661,1.7735782723010012,-1.0626551586158247e-16,2.095501428674859,2.5715954828481875,1.9930768471991047,1.5520210107261443
2,Fp1,cD2,0.455927521467503,0.448649505883456,0.0008842930649262,1.9930768471991047,1.889273247513857e-15,2.108280999620235,2.575701562967628,2.098096124679645,1.5764641605330572
2,Fp1,cD3,0.500127589869028,0.4949168388620699,0.0026396838101472,2.098096124679645,8.401549640711833e-16,2.039765745896136,2.5771976779884094,2.1517107737769856,1.5721972952284946
2,Fp1,cD4,0.4468008639376506,0.4655440058944979,0.0040349786931816,2.1517107737769856,1.6552064692010596e-17,1.84986885077711,2.5792451485033423,2.104094300136332,1.5804581096108548
2,Fp1,cD5,0.4213285177825271,0.5060195450946271,0.0091484586199315,2.104094300136332,7.640524026981647e-16,1.271442204808392,2.5284748369813994,1.2197854559119587,1.4313363979482854
2,Fp2,cA5,0.4180750723061412,0.7801787716355477,0.0108940548007767,1.3962078650831118,2.464113601156041e-16,1.944801261950114,2.5475479485550245,1.797707121690093,1.4528168519958569
2,Fp2,cD1,0.3549370381804378,0.3263667922205675,0.0049574851989744,1.797707121690093,1.5287701897051273e-15,2.133633036655296,2.5710135481667304,2.0342048454011845,1.556802275985921
2,Fp2,cD2,0.4279450380537474,0.4509824667769865,0.0005077708851206,2.0342048454011845,1.967036265501756e-15,2.120020858836811,2.576803479890809,2.1078615806787107,1.5724873990110295
2,Fp2,cD3,0.5083056517734089,0.4855342831982017,0.003610888394442,2.10786158067871,7.577807441432717e-16,2.054580715055307,2.5789408141719905,2.175018013125009,1.5732469911220843
2,Fp2,cD4,0.468017139191059,0.454434553487857,-0.0006572607791789,2.175018013125009,9.731777203090668e-16,1.851182244092585,2.5788438912072884,2.113493207647362,1.574634825409107
2,Fp2,cD5,0.4251062316554421,0.4950270376926841,0.0017577864907003,2.113493207647362,8.629255594585165e-16,1.382940446974045,2.566026303134815,1.3962078650831118,1.4449526002842177
2,F4,cA5,0.3886676528662551,0.4789688422270844,-0.0005312775120592,2.078572102413358,-4.049479544314014e-16,1.87102169036888,2.544096282758119,1.7066424663725954,1.452141909361949
2,F4,cD1,0.3630278195425711,0.3195964685318167,0.0011692509506687,1.706642466372595,0.6364585124059943,2.0435591232156423,2.5710958755922992,1.933704660244834,1.558831752681992
2,F4,cD2,0.4401482558242405,0.4602339076142479,0.002428124167702,1.933704660244834,2.0319766394205968e-15,2.072896620173859,2.572218921394185,2.060787765744009,1.569816155076455
2,F4,cD3,0.4840541727315247,0.4807983838910357,0.0029533299532801,2.060787765744009,9.60389450918882e-16,2.0286626791328795,2.5813330554570606,2.138802095476053,1.5824983684676064
2,F4,cD4,0.4457122275251432,0.475412037167578,0.0004701325387663,2.138802095476053,-5.07411367046833e-18,1.8463175263863023,2.573277443902161,2.112920855102685,1.5718587586559796
2,F4,cD5,0.414345628972221,0.4895571947265573,-0.0032011725685819,2.112920855102685,1.0649858697444737e-15,1.6561627769525415,2.5689385008005727,2.078572102413358,1.5441499582089688
2,C3,cA5,0.5597395738007254,0.5551653243417753,0.002344070781361,2.001937524473619,-5.447814456805709e-16,1.1734771786268277,2.5472723636879597,0.9532905542865489,1.408586913926358
2,C3,cD1,0.3519876094594175,0.3248546091502907,0.0046570257707073,0.9532905542865484,0.0232221160486057,1.4498821245736333,2.570069007503228,1.2659840377265843,1.5689299472588512
2,C3,cD2,0.4985326135297383,0.4996440112976386,0.0005481257583149,1.2659840377265843,0.0001905459828768,1.7670670634517816,2.5734030947322437,1.6946019417252711,1.5848118295384028
2,C3,cD3,0.4829719600629879,0.5005217280040741,0.0003411610921216,1.6946019417252711,-7.891987613336663e-16,1.9654865825580303,2.574818413155554,2.04222447350145,1.576151290107808
2,C3,cD4,0.4578272032855927,0.4691339036152555,0.000800982388583,2.04222447350145,7.326267234066062e-18,1.8257191237813533,2.580532842942282,2.084277256045788,1.5797560081682451
2,C3,cD5,0.4758445133617301,0.4886782825939981,0.0045132983814584,2.084277256045788,8.406068790469042e-16,1.6263145173662004,2.5634297527692533,2.001937524473619,1.5419877898533092
2,C4,cA5,0.387648140964152,0.6785217111117542,0.0050058191472833,1.9362923783561303,-2.786098625378724e-16,1.7661514047626854,2.544498084271911,1.6114158641315086,1.431972425275437
2,C4,cD1,0.3659539371207386,0.3245282764328083,0.0050839077342637,1.6114158641315086,2.3347631760603106e-15,1.9716504903895065,2.5738498178486418,1.871773445461442,1.563068024963023
2,C4,cD2,0.4534291716298633,0.4489050109067777,0.0009073604236945,1.8717734454614423,7.98729143126541e-16,2.028515044555617,2.5744217248591967,2.014432092572602,1.575730734994027
2,C4,cD3,0.4627304553451127,0.4943847169963532,-0.0004446549849075,2.014432092572602,1.2637481334211618e-15,2.0104034907229256,2.576036193749009,2.11045705322323,1.572822219004248
2,C4,cD4,0.4498245873841947,0.4513495791778973,0.0003274455214988,2.11045705322323,2.1157733017782963e-16,1.826792009570454,2.579096993404104,2.0788536521861256,1.5814046309327634
2,C4,cD5,0.4649399015331452,0.5213648681215768,0.00466383153742,2.0788536521861256,9.480897286598977e-16,1.6348138160394194,2.569160668141724,1.9362923783561303,1.5190864265803117
2,PO3,cA5,0.6413946220336972,0.6941137839852698,0.0238817624676717,1.7204516242826626,-3.0853908136706563e-16,1.974964050604453,2.543573761023154,1.850581821088386,1.4459250368278596
2,PO3,cD1,0.3500047003567005,0.3232836023951294,0.0017174980857156,1.8505818210883864,1.2190064327308902e-15,2.1621506817849303,2.5713843735428346,2.084107623923524,1.5540380956563062
2,PO3,cD2,0.4840091627621974,0.4601056206833808,0.0001705458669953,2.084107623923524,8.96530766340296e-16,2.15189470156255,2.578953630846958,2.15165008606499,1.5744238770297945
2,PO3,cD3,0.4370463884454089,0.4663584782880982,0.0028340946544298,2.15165008606499,1.0532467010637082e-15,2.038213890410016,2.57702179078505,2.148134420338279,1.5722621450211305
2,PO3,cD4,0.4777350096773018,0.4751513807759012,-0.001092725811583,2.148134420338279,2.869340667009541e-17,1.8712260630383823,2.58059570404465,2.1440145603541536,1.57352906494112
2,PO3,cD5,0.4442044455527749,0.4718537676738624,0.0089653404364245,2.1440145603541536,6.941516204359654e-16,1.4834654238769185,2.528234971570466,1.7204516242826626,1.4740751919720323
2,P4,cA5,0.4868483855161541,0.8044643865045593,0.0702800664034755,1.6751111462098562,-4.2313544747199134e-16,1.8834164653230951,2.5518915720455886,1.7480099612753828,1.4607832066060018
2,P4,cD1,0.3811539379317017,0.3442536203766641,0.0048234650582978,1.7480099612753832,3.3410803290986213e-15,2.053910507866169,2.566472801134375,1.9714704421790132,1.5515820494657788
2,P4,cD2,0.4622087736274815,0.4451543046135104,0.000758795304732,1.9714704421790137,7.50811702272797e-16,2.0859270314620275,2.569219845983516,2.0812127514217376,1.5528054865917198
2,P4,cD3,0.447443845274158,0.446658091522462,0.0009527379816225,2.081212751421738,7.991902854136458e-16,2.0020705152705887,2.5674619891812616,2.099707147565128,1.5605967772312006
2,P4,cD4,0.4396515210667879,0.4524192430739943,0.0036671465093436,2.099707147565128,-3.636567938416885e-17,1.8252974587774613,2.58389351252343,2.073170161508687,1.5808266207718968
2,P4,cD5,0.411009188026934,0.4978840499606919,-0.0007681181936556,2.073170161508687,8.619442249148413e-16,1.5108555037763356,2.548114007874696,1.6751111462098562,1.4712458359573342
3,Fp1,cA5,0.6197061299809057,0.9245405766637542,0.0385827298749959,1.1795825587992557,-1.229394719371717e-15,1.9143683779050376,2.548939224569107,1.7260740200344389,1.4615391291061222
3,Fp1,cD1,0.3559967317536209,0.3203093000070333,0.0003470334139733,1.7260740200344389,3.673884702903322e-15,2.044759523430825,2.570307474690776,1.91900093317063,1.5436960965318076
3,Fp1,cD2,0.4382926040911156,0.4402633263043033,0.0042701114307751,1.91900093317063,-1.330332785460019e-17,2.030589210934724,2.5764691303715965,1.977801279092538,1.579944660296245
3,Fp1,cD3,0.4956356558626192,0.4798866125038376,0.0004165938406279,1.977801279092538,-1.0055850737440429e-15,1.8555848599687383,2.578368694154559,1.86798157958072,1.5212936809841524
3,Fp1,cD4,0.4066216271521297,0.4161507156496632,0.0231156548300941,1.86798157958072,2.118803271435005e-15,1.3884811735871248,2.5759121442382167,1.426348889045277,1.4425797595012924
3,Fp1,cD5,0.2552850340216372,0.1936657476324639,0.0395602829316084,1.426348889045277,9.343395413969145e-16,1.1787151989017275,2.4686877062555896,1.1795825587992557,1.3381544858138823
3,Fp2,cA5,0.6723835663775073,0.9574885813087785,0.0346221318145821,1.1815667911596417,4.76807584888203e-16,1.806761059537175,2.543152926875959,1.5478178052430047,1.4432132277571836
3,Fp2,cD1,0.3221068936898357,0.3136298295380186,0.0005729155106972,1.547817805243005,2.429492933471197e-15,2.0460249301237408,2.573608460815065,1.9013344084201933,1.5592116745598448
3,Fp2,cD2,0.4617507768735404,0.455882168995534,0.0003859086470165,1.9013344084201933,-1.1108886144739764e-15,2.01960026536647,2.580767912382091,1.9578735926785071,1.5808546919721558
3,Fp2,cD3,0.4750941315424485,0.4809657500776975,3.9852026737290446e-05,1.9578735926785071,-9.708461807308152e-16,1.9379347059022816,2.581744294472629,1.9867358402214168,1.55293832658999
3,Fp2,cD4,0.4196941892450394,0.4366080082906894,0.0166888603797331,1.9867358402214168,1.9287549267627148e-15,1.465951259226996,2.57557388716836,1.525776054471942,1.458643979992428
3,Fp2,cD5,0.2882697561964339,0.2218607251337426,0.0327057497841972,1.525776054471942,6.578121802591511e-16,1.17589725630233,2.449328247719487,1.1815667911596417,1.3459497270945855
3,F3,cA5,0.5196318848256898,0.7307875404725301,0.0095427486446356,1.7569787230053588,-6.047987471861439e-16,1.8435923920953636,2.545243375200753,1.5902131634304764,1.4536719218367131
3,F3,cD1,0.3598931122815361,0.3402116502188957,0.004652924971147,1.5902131634304764,8.516061345172647e-05,2.076052857086437,2.578411350341696,1.9267215604824424,1.5729129366080803
3,F3,cD2,0.486299840945434,0.4888191623156673,0.0001654711636626,1.9267215604824424,-9.270257441211985e-16,2.072404844094132,2.569535267856109,2.045923230505472,1.5653229610315829
3,F3,cD3,0.4685112662434335,0.4723737351793021,-2.5835904207570625e-06,2.045923230505472,-1.8630372882737527e-15,1.8782762929202867,2.5758823574637324,1.8880512478346252,1.511664368453514
3,F3,cD4,0.4217743824333245,0.4024052066346201,0.0281691955035819,1.8880512478346247,5.0811970321310753e-17,1.3575389346798277,2.572061261966157,1.3897375832936452,1.4393544845679382
3,F3,cD5,0.2560256043569642,0.206987392965656,0.0787216649335976,1.3897375832936452,9.179918034765694e-17,1.5061585834245506,2.527660948065599,1.7569787230053588,1.4578754513791532
3,F4,cA5,0.3984988824467044,0.7128932507570073,0.0219731676709522,2.0151659708461724,-5.478679864269021e-16,1.763326192199063,2.542682881501692,1.4544364306458577,1.440439471213658
3,F4,cD1,0.3225266386690608,0.3226474071285624,0.0031032995744184,1.4544364306458577,0.0011982656441742,2.061550734615036,2.580230893803286,1.8622975474873684,1.579450277490788
3,F4,cD2,0.484221382754745,0.5036242897154647,0.0030427065762606,1.862297547487368,-2.380348890802502e-16,2.070475739480261,2.5824108940395387,2.047560591206842,1.5832125456647923
3,F4,cD3,0.5088187674484538,0.516778321981865,-0.0002107446843928,2.047560591206842,2.7714594465748515e-15,1.985079319622109,2.5806275991683107,2.0772938950417807,1.5633761095678032
3,F4,cD4,0.410505493216852,0.4495597070921205,0.014357393914527,2.0772938950417807,1.8589395753141143e-16,1.5397018378792824,2.5777944106570945,1.6690221785512316,1.4820956492577857
3,F4,cD5,0.3200300801644312,0.275958184366935,0.0384124952204089,1.6690221785512316,1.100086475887957e-15,1.638100033098378,2.5332259655183744,2.0151659708461724,1.4839745477502904
3,C3,cA5,0.4093356127971617,0.6589045882747874,0.0078803175812838,2.050594091448278,-6.019832917016157e-16,1.7218729178601144,2.5451040820122888,1.4429137191636936,1.4519389761909294
3,C3,cD1,0.3350646384371669,0.3313454541965285,0.0043039408597075,1.4429137191636936,0.0003209999177389,1.9994806317134015,2.5794416811831824,1.827406086464692,1.5750406948094904
3,C3,cD2,0.4829391856611539,0.4853646362475138,0.0001326185284237,1.827406086464692,1.5832841985633608e-15,2.0490717988685327,2.5716932402713897,2.0059000261202264,1.5672078672026188
3,C3,cD3,0.4578537846815127,0.4404279327732124,-0.0001474149299391,2.0059000261202264,3.757896555220937e-15,1.961616671213073,2.576865913992278,2.038730356622822,1.558493582659675
3,C3,cD4,0.4185871079394289,0.4198097024112948,0.015213184814287,2.038730356622822,-4.09530388507028e-17,1.6215212760390525,2.57002733796403,1.7752648888962643,1.5050834236416502
3,C3,cD5,0.3821838668293512,0.3106302684830928,0.0248627610259004,1.7752648888962643,9.096988992258389e-16,1.6593209237150797,2.53940704347954,2.050594091448278,1.5246971085652568
3,C4,cA5,0.4571992118718823,0.7271872490215076,0.0378732634525671,1.8698708043833725,-3.988936884748166e-16,1.643715964254412,2.5291239378197887,1.25444458132854,1.4227702906135264
3,C4,cD1,0.3122731074459041,0.3119201488890348,-0.0005129380659622,1.25444458132854,0.0184104592679263,1.9952066662781425,2.578023465347076,1.7048856269318546,1.5780959021931271
3,C4,cD2,0.4658918829540334,0.5112445434359432,0.0002779295950222,1.7048856269318546,0.0001090529980273,2.010210938589545,2.583517038476996,1.932022240738596,1.584764453568201
3,C4,cD3,0.524301108124214,0.5284124579728334,0.0002350373701613,1.932022240738596,3.973132702212103e-15,1.991352447962296,2.5828825484514466,2.071244233851978,1.575717561149623
3,C4,cD4,0.4425479488683019,0.4599919359707435,0.0037179513411091,2.071244233851978,-5.932208575807941e-17,1.6439338960117906,2.565710374181259,1.8014660395448467,1.5115740225460694
3,C4,cD5,0.3083308092669876,0.2976783274250731,0.0297439081063543,1.8014660395448467,8.06439979410144e-16,1.5596120364972208,2.538203008832788,1.8698708043833725,1.475015547930774
3,PO3,cA5,0.5701974315103047,0.773274363906899,0.0143884931291856,1.8010538190703949,-4.508681703489195e-16,1.899591511389926,2.5466100649104133,1.694695233871124,1.4598176125032314
3,PO3,cD1,0.3474823650204188,0.3193480394252266,0.0037218353965063,1.6946952338711236,1.1731309110667642e-15,2.115930130102525,2.574750841906672,1.995308896862271,1.565809736923903
3,PO3,cD2,0.4591740069496861,0.4572008100681008,0.0007594253077649,1.9953088968622708,2.9432160343287153e-16,2.0967793244761106,2.576705109148685,2.0729356596545654,1.565210447193882
3,PO3,cD3,0.4700062241421984,0.4538940397827735,0.0038256645202637,2.0729356596545654,1.066271354913546e-15,1.700563958453576,2.571105845211238,1.6673167805344498,1.4540642491977411
3,PO3,cD4,0.3499294145118441,0.313896302147212,0.038049759183611,1.6673167805344498,1.5506636602721824e-15,1.1953863337690436,2.569365236142759,1.082481388136494,1.415093655712077
3,PO3,cD5,0.2532057288963705,0.1651299172113192,0.053825125974767,1.082481388136494,1.0074680491339342e-15,1.529347614938069,2.5320918594182613,1.8010538190703949,1.4734050023611207
4,Fp1,cA5,0.3940214747998388,0.6822713043483333,0.0311354417067307,1.3899271721572215,3.92129514657672e-15,1.6025559134473863,2.545840224334223,1.4656575247674453,1.4154517939534963
4,Fp1,cD1,0.3426709662798558,0.3167394615509588,0.0046924764459779,1.4656575247674457,8.794563594768816e-05,1.8117723739948008,2.5604138693625,1.7014201276534384,1.552739233079606
4,Fp1,cD2,0.4490943363337355,0.4555482837814756,0.0038452668623489,1.7014201276534382,2.569229951420449e-15,2.0347470488963806,2.5757270292884966,2.0231581347931584,1.5631571425694348
4,Fp1,cD3,0.5074097652074899,0.4829770125318939,0.0038754809986458,2.0231581347931584,9.741346732296964e-16,1.9639487808390517,2.574540828768808,2.037706395020498,1.5313990074987012
4,Fp1,cD4,0.3613253515229014,0.3309419261276057,-0.000418570547393,2.037706395020498,1.2450534954889674e-16,1.655882636384001,2.439390169378271,1.7053760094577086,1.37196012559043
4,Fp1,cD5,0.3621593185810695,0.3883236587039718,0.0354054621287754,1.7053760094577086,1.329636744428471e-15,1.2876342574970412,2.571305744973109,1.3899271721572215,1.5268306898315664
4,Fp2,cA5,0.4611631172190381,0.6854059115356254,0.0314025533465655,1.6713114022747582,-1.4897771288599465e-15,1.705896501818955,2.546607031717731,1.5734688430356445,1.4252450695324497
4,Fp2,cD1,0.3419437068292339,0.3086380217742292,0.002418587424538,1.5734688430356445,-4.390651924518607e-15,1.9640894786105736,2.566329221652524,1.8689515988663303,1.549600486154948
4,Fp2,cD2,0.4207443707791546,0.4226467650312747,0.0007116086555246,1.8689515988663303,-9.890817733756409e-16,2.0489353036887445,2.5654239116366937,2.039074918882053,1.5470331678882865
4,Fp2,cD3,0.41393259564347,0.4032049710983278,0.0012446779193302,2.039074918882053,2.972518396586497e-15,1.9959594333335504,2.570094251219164,2.0927333714575083,1.5383034526544817
4,Fp2,cD4,0.4151770656005198,0.399488453546678,0.0037296988747335,2.0927333714575083,5.4397615226851274e-17,1.7247089222304188,2.475038840477162,1.8469838092957969,1.4319837113833411
4,Fp2,cD5,0.3575776530317307,0.4027386669152889,0.0264932359967914,1.8469838092957969,1.505809121891792e-15,1.438747851894748,2.5830242892881827,1.6713114022747582,1.520990125142974
4,F3,cA5,0.3462723466293522,0.532911654467115,0.0161784878977528,1.99717878425341,-3.9450039686164003e-16,1.936762666360745,2.549420838791981,1.805163265482939,1.4617754868093833
4,F3,cD1,0.3571750482301591,0.3328410286311215,0.0047128243879839,1.805163265482939,6.062391212187685e-18,2.0947044572325515,2.566464279184577,2.0213859855696086,1.545805498289934
4,F3,cD2,0.4386482038419889,0.4257291173351697,0.0002156806714608,2.0213859855696086,-1.1488149786624318e-16,2.0610650671100936,2.568994726024471,2.048019554891705,1.528601489803565
4,F3,cD3,0.4204575561772573,0.3978089334849307,0.0090056866198992,2.048019554891705,1.092051996697936e-15,1.932040918978645,2.576048764298224,1.9923999899482727,1.5114689829975323
4,F3,cD4,0.350034638984087,0.3223766031654477,0.0025258786750563,1.9923999899482727,-8.965616666064502e-17,1.671324843875733,2.4284810525393743,1.746256538599526,1.3874463455338375
4,F3,cD5,0.4406548065230264,0.4148109675536005,0.038838810079238,1.746256538599526,9.539234532053165e-16,1.552269382347072,2.565807108771009,1.99717878425341,1.5559761441427176
4,F4,cA5,0.3914018870721301,0.6268824397089672,0.0038445646112614,2.0463430292417994,5.603987269210573e-16,1.9956174071488852,2.548580910935114,1.8810832652684213,1.4568151922280417
4,F4,cD1,0.3754643893022948,0.3367769962865025,0.0049959009343928,1.8810832652684213,3.561738375219859e-15,2.151620141121845,2.5687694944744504,2.090135993604668,1.541562743007006
4,F4,cD2,0.4412592348559437,0.4244886203088291,0.0009108687892105,2.090135993604668,-1.7427465809193353e-15,2.09720983043346,2.5692378147076544,2.0811553381575707,1.5417914009928964
4,F4,cD3,0.3870206636303971,0.3868360353121224,-3.5384207060934146e-05,2.0811553381575707,9.01687844488073e-16,1.9506790776605316,2.5744073392421267,2.0233544291003187,1.5312738060617457
4,F4,cD4,0.3920434559679761,0.3676492419062191,0.0041031837463378,2.0233544291003187,-2.7088802855592417e-17,1.7755001721049224,2.4851260751426567,1.9237029083315595,1.4707316414985083
4,F4,cD5,0.3990749753440838,0.4470433009571858,0.0138186174672801,1.9237029083315595,9.978232401053233e-16,1.5858049412990969,2.5839805582486277,2.0463430292417994,1.5660083352092076
4,C3,cA5,0.4113893602470625,0.5355592990986942,0.0078575527751364,2.049906022054328,-5.316207432607821e-16,1.9942585921620173,2.5501769120180025,1.8735281559945105,1.4681658814068692
4,C3,cD1,0.3648065233648128,0.3278784983005696,0.0043451049111104,1.8735281559945105,1.8637940659750178e-15,2.1099176880216186,2.56879728475204,2.0369306464613803,1.545408981328372
4,C3,cD2,0.4381015275273954,0.4255025939211949,0.0006020806052464,2.0369306464613803,8.140696371995978e-16,1.9779395860609397,2.5688511688473272,1.9385159715370568,1.4994498536910972
4,C3,cD3,0.3822811329289183,0.3663694819305855,0.0095049184519097,1.9385159715370568,1.0264959481288201e-15,1.845887766078464,2.560759066442271,1.850349785838196,1.4696209493572598
4,C3,cD4,0.3160764954124418,0.2798459724754569,0.0050979614257811,1.850349785838196,3.643539931782616e-16,1.8007932479898114,2.544575970281192,1.9716035237473468,1.544453299573911
4,C3,cD5,0.4493916043501845,0.4605737372422434,0.0156192936740079,1.9716035237473468,9.653444605890436e-16,1.576957937034134,2.561852616212663,2.0499060220543277,1.561545779872917
4,C4,cA5,0.3434551534675821,0.5945882415164583,0.0065404631874778,2.062474512912966,-3.141847339246711e-16,1.98519360471429,2.55327379074472,1.8610426768419976,1.4633034598522838
4,C4,cD1,0.3741763154987124,0.3430487270604506,0.0043554392727932,1.8610426768419968,1.311378092545587e-15,2.142464265057733,2.5703238341171364,2.0662854685841414,1.5461546713625172
4,C4,cD2,0.4565854641636117,0.4358775116236031,0.0005698290738191,2.0662854685841414,9.005069483091927e-16,1.9994862609216384,2.566173073643659,1.960369280368839,1.5018236663989868
4,C4,cD3,0.3558221153011178,0.3358400626374077,0.0021042910489168,1.960369280368839,3.753165873203797e-18,1.9352646350552565,2.574184558943124,1.9935327499170077,1.509845266332373
4,C4,cD4,0.2956702360713553,0.2743617885744498,0.0048388047651807,1.993532749917008,1.7333961803881377e-17,1.78768296428923,2.555066953983714,1.999773484174102,1.5485689738841009
4,C4,cD5,0.5218380689143192,0.4895465318479422,0.0047638286243783,1.999773484174102,4.104987959853906e-16,1.5826930228269775,2.5695373659923466,2.062474512912966,1.5723237416799118
4,PO3,cA5,0.4006577054316848,0.533073244358993,0.0386231039084639,1.7800722485458274,-3.861992903489317e-16,1.9177992628857448,2.546798683978081,1.776022994147012,1.453591131968296
4,PO3,cD1,0.3574624957562321,0.3272892654577896,0.0045370535417037,1.776022994147012,4.205088542679322e-15,2.1191566424522144,2.5734217948893097,2.04075672165012,1.5551920885643893
4,PO3,cD2,0.4776552153284315,0.4449301300025904,0.0031305833296342,2.04075672165012,6.248663515393644e-16,2.0869331230580555,2.5760308931567404,2.0758084508471417,1.5433839185181712
4,PO3,cD3,0.4341742375945724,0.4117918477426756,0.001137409788189,2.0758084508471417,-9.190255174337961e-16,1.9113186767345445,2.572658661492888,1.9796562029511895,1.5045454819911015
4,PO3,cD4,0.3485852480726312,0.3112711114087494,0.0097782628519554,1.9796562029511893,-1.1550268216554005e-15,1.6301141817680396,2.4494662582936675,1.6661726911381567,1.324549845509411
4,PO3,cD5,0.39244662820905,0.3318455735385129,0.0914608172007967,1.6661726911381567,1.7722718084967458e-15,1.4757124238729444,2.5111413043970474,1.7800722485458274,1.5169155304810082
4,P4,cA5,0.3820153062609704,0.4858875009758185,0.0243233858884035,1.90413345606574,-2.277667113504809e-16,1.999994387980518,2.5515204970083376,1.8833695812306688,1.465087066114803
4,P4,cD1,0.3585971692875555,0.3447770025836247,0.0015049443100439,1.8833695812306688,1.7494920474313718e-15,2.123238972768685,2.5675242554858477,2.046186075287935,1.5385690163529158
4,P4,cD2,0.4197138290486921,0.4179123924090913,0.0001895557750354,2.046186075287935,5.433666391510167e-16,2.052031375030676,2.567934526234043,2.0316638024440654,1.51978985998447
4,P4,cD3,0.4027071508186398,0.3807760242461255,0.004083659432151,2.031663802444066,9.725148899799848e-16,1.918031825143026,2.5667090730603808,1.9716308483019716,1.5040160505914264
4,P4,cD4,0.35957269711057,0.3085476454282808,0.0022047794226445,1.971630848301972,-8.885531024834523e-16,1.646373701016353,2.449188530838526,1.6942629236112048,1.3533752752950083
4,P4,cD5,0.4001468371261256,0.3754332608219795,0.0913151961106522,1.6942629236112048,8.4396618584359255e-16,1.5461062416375355,2.5377529407995687,1.90413345606574,1.5040130545282202
5,Fp1,cA5,0.5717020776843625,0.7639394905703001,0.0429507099852269,1.636403507931269,4.779608715118858e-16,1.8133236160133368,2.551046845411549,1.6691627940446654,1.4418643530454802
5,Fp1,cD1,0.37022948940323,0.3223263292825706,0.0021670023600256,1.6691627940446654,1.8560610923025018e-15,1.8814887969199037,2.572262079226346,1.7539097092816014,1.5376051044921475
5,Fp1,cD2,0.4432608309292262,0.4253585150975485,0.0005166313864967,1.7539097092816016,-1.2784996981753024e-15,1.793767754600828,2.581604201396392,1.6878943722315645,1.5814829011031375
5,Fp1,cD3,0.5053877689084394,0.5288230130413616,0.0005890817353219,1.6878943722315642,2.7825991211830165e-15,1.895284803658792,2.5834242704605783,1.9575513642736024,1.583803765214665
5,Fp1,cD4,0.5011316580764197,0.5257196672460794,0.0002424124515417,1.9575513642736024,-4.374171900791352e-17,1.8398546986216624,2.581337745027837,2.094691566313302,1.5785966856093174
5,Fp1,cD5,0.4969182726759684,0.4909943616868165,0.003537845611572,2.094691566313302,1.0114082973955265e-15,1.4679220635162098,2.493208699432733,1.636403507931269,1.3990872672733037
5,Fp2,cA5,0.3959609211096805,0.6769273030649211,0.0325387870072087,1.4118224742500034,-1.3334339598452396e-15,1.6850513750940364,2.548559586455098,1.4383560705832004,1.423518662356524
5,Fp2,cD1,0.3300694693495037,0.2794848797459771,0.0102880717991118,1.4383560705832004,4.763036917250431e-05,1.8705517407862509,2.570891790267672,1.6435540830390565,1.527792073587032
5,Fp2,cD2,0.43729398276833,0.4434624360695315,0.0008540818185513,1.6435540830390565,0.0001226205654057,1.9248133780109475,2.576991318044859,1.8310438552321624,1.5824787044066104
5,Fp2,cD3,0.4941833333758534,0.5168191687876794,0.0025302713567558,1.8310438552321624,3.965464032808692e-15,1.9858120505585752,2.5825556435779964,2.0714228912007435,1.5812529191191371
5,Fp2,cD4,0.4555435788197946,0.4912471163913628,0.0020540324124423,2.0714228912007435,-4.876351146817862e-17,1.8519342825918332,2.582104084613566,2.1208696005727816,1.5687108914928607
5,Fp2,cD5,0.4456792216391013,0.4461183662081383,0.0031342593106355,2.1208696005727816,9.731048699163936e-16,1.3459835472698378,2.427372073454405,1.4118224742500034,1.3506287890856357
5,F3,cA5,0.3800660271118039,0.6534475888664066,0.0116949548254485,1.9410401163961413,6.443935654239821e-16,1.9042938586582008,2.548778523092349,1.7632709101697122,1.4563106338565823
5,F3,cD1,0.360637527215376,0.3212491795214377,0.0109692660375497,1.7632709101697122,4.753949990044712e-15,2.0139285154539355,2.566535377125444,1.9362245183656168,1.5420696902498368
5,F3,cD2,0.4333562985099047,0.4135073885171378,0.0038150267167526,1.9362245183656168,4.4396332236215584e-16,1.9658173899563536,2.5644018610501296,1.9325168769989611,1.54945864159936
5,F3,cD3,0.4364448365451392,0.43698939420016,0.0001751119440249,1.9325168769989616,-9.9951386570664e-16,2.0007537784727623,2.5811465685022164,2.1073010732367847,1.5809795100601596
5,F3,cD4,0.4433622547773625,0.4770514003823166,0.0033740997314451,2.1073010732367847,1.8747588646061497e-15,1.8687430976738009,2.581803475401997,2.150238935681455,1.5740084051907497
5,F3,cD5,0.4456882363422069,0.4751634947717645,0.0027666438709607,2.150238935681455,6.287543052287271e-16,1.5799040852036743,2.542945425063199,1.9410401163961413,1.4797983250922204
5,F4,cA5,0.6047760467826883,0.6910881757731823,0.0093931318163042,1.9792861437350264,-1.5748334395362964e-16,1.943757356675336,2.549638659700117,1.8040991768399752,1.4660590907302802
5,F4,cD1,0.3771504916599887,0.348007049824457,0.0014896103830043,1.8040991768399752,1.978091738247436e-15,2.054413601547039,2.5749722680650344,1.9563486099158969,1.558163295118157
5,F4,cD2,0.4623950499228483,0.4780147897212585,0.0030854501765521,1.9563486099158969,8.894157344639394e-16,2.03415615041204,2.57101220747261,2.0095671579433683,1.567467614604153
5,F4,cD3,0.4721729018872937,0.4701499541032317,0.0008537697069567,2.009567157943368,-1.3493502051301738e-15,1.9994896460826808,2.581232130825443,2.1169232573565595,1.5765342058705871
5,F4,cD4,0.4532068519381877,0.4738771545547427,0.0011478886459811,2.1169232573565595,-9.901086320279471e-17,1.8614101687167448,2.5796087974675848,2.1028064439845684,1.5709441828725068
5,F4,cD5,0.3924106166559817,0.4175193841267178,0.0035575173117894,2.1028064439845684,9.473158838275584e-16,1.5831455380102284,2.5514475781444084,1.9792861437350264,1.5027885940073658
5,C3,cA5,0.6880454976201711,0.7313233676640131,0.0089129501289425,1.945620041713563,-3.2140879172108303e-16,1.961052334140306,2.5492130338115624,1.843185807608416,1.4528745531595535
5,C3,cD1,0.3524860673076361,0.3163618944223788,0.002058532021262,1.843185807608416,1.5905699090425875e-16,2.117235028648963,2.565683048752773,2.039135540971805,1.539485470184013
5,C3,cD2,0.4092283209132895,0.4087046613146244,-0.0001766551624648,2.039135540971805,-3.317275041789124e-17,2.1147811096023483,2.5717403058008834,2.1153462955477216,1.5563652588568933
5,C3,cD3,0.4374148846846711,0.4300392990606629,0.0038403597745023,2.115346295547721,-1.1855238413887856e-15,2.0257971709107654,2.577620807710248,2.142302264914372,1.5692921230137171
5,C3,cD4,0.4416643859624632,0.4549471131077247,-0.000561321142948,2.142302264914372,-1.7591862575338751e-16,1.8615050424066348,2.580957459876868,2.1395689396524307,1.571371027055045
5,C3,cD5,0.4511050849939753,0.4391382795526944,0.0048694523898039,2.1395689396524307,6.443461391839953e-16,1.5968358200927,2.5572219596714656,1.945620041713563,1.4894730381223031
5,C4,cA5,0.4988729675978056,0.7063591635117714,0.019854006924472,1.95775657479538,-4.0428137732830677e-16,1.976237368183192,2.547991384430708,1.8517973173237612,1.4630249605082175
5,C4,cD1,0.3762754314543526,0.3483692184048922,0.0047633864662863,1.8517973173237616,3.197340724202174e-15,2.0961416464837885,2.5727933841748434,2.015761039518696,1.5562516180447408
5,C4,cD2,0.4555181656488564,0.4505386882865621,0.0005842613451407,2.015761039518696,-9.886909063168344e-16,2.100824581146528,2.5776301666892865,2.097233882775329,1.5689162974238284
5,C4,cD3,0.4388296017667909,0.480336408632814,0.0030720624056726,2.097233882775329,1.1016408038352821e-15,2.0563147840235807,2.578382937187102,2.172442446277974,1.5745784465351833
5,C4,cD4,0.4733362532612212,0.4922662159472357,-0.0006317023074991,2.172442446277974,1.4876976183190504e-16,1.8685289155365776,2.5831846941177217,2.1736998164530745,1.5803593178166488
5,C4,cD5,0.4343095385028936,0.458249456472839,0.0007542350075456,2.1736998164530745,9.844995895546425e-16,1.5824497181208876,2.533418762165472,1.95775657479538,1.5007286839773568
5,PO3,cA5,0.3407724527322538,0.5214460699886442,0.0430223310694976,1.9406102761198376,-3.304171949392556e-16,1.90737283129544,2.549134988490741,1.7492071878631217,1.4526052169127612
5,PO3,cD1,0.3435228758677519,0.3177012291564879,0.0097787363545883,1.7492071878631217,-1.7281142634827046e-15,2.0670206724115,2.566410577312882,1.962577018998609,1.5375945711507155
5,PO3,cD2,0.4143185409955123,0.4123091345853545,0.0035215551202944,1.9625770189986087,2.7524923142616588e-15,2.0978500253305388,2.5744776301339374,2.0792812875352737,1.5612448323555397
5,PO3,cD3,0.4404617111517617,0.4610333433407396,0.0019112673672763,2.0792812875352737,9.911126984059844e-16,2.006336118276944,2.576879280177786,2.11103132688256,1.557771181948622
5,PO3,cD4,0.4339355783769797,0.4280019504329616,0.003293080763383,2.11103132688256,-6.519997817089135e-17,1.8474440239623364,2.5832110146142133,2.1049151747090344,1.567254239059123
5,PO3,cD5,0.4283116631560791,0.4310052057228526,0.0024586533055164,2.1049151747090344,8.137173584728759e-16,1.5904863356210388,2.500663348715259,1.9406102761198376,1.472699617072346
5,P4,cA5,0.5670194050013547,0.6899780030323843,0.0072934584184124,1.998805657754009,-4.296442420555968e-16,1.943108787149697,2.550779723105042,1.818834092377109,1.4498486358057434
5,P4,cD1,0.337999638874406,0.3031145962207119,0.004803250052712,1.818834092377109,4.613865512057195e-15,2.085949525826984,2.564704171151112,2.003866737756715,1.5260931730336256
5,P4,cD2,0.4247089370794061,0.4065824807380046,0.0013313235658588,2.003866737756715,-1.2685182135939124e-16,2.1139390847660118,2.5705069213452107,2.1244602076439443,1.5603354966304843
5,P4,cD3,0.4271481143671116,0.4481096040709276,-0.0002738201256955,2.1244602076439443,6.919144982338499e-16,2.03386048921465,2.5787675702892594,2.1457895199581087,1.5663545547501423
5,P4,cD4,0.4374919488430376,0.4199417399876838,-0.0005648757472182,2.1457895199581087,-1.0259835904090311e-16,1.8587740938703807,2.5832703314968715,2.144138468093468,1.5778433964602003
5,P4,cD5,0.4750799251373792,0.4791615402999917,-5.285667650641013e-05,2.144138468093468,6.077914695030857e-16,1.5986046682128832,2.557392588428998,1.998805657754009,1.495796050777145
